firstName,lastName
Farica,Klousner
Ferdinanda,Livezey
Cora,Asee
Ashlie,Cromly
Jocelin,Layburn
Inglis,Rampage
Sharai,Kyme
Shalne,Whitmore
Edith,Peret
Idell,Nutting
Maxy,Dilks
Salim,Mimmack
Nerte,Hatter
Evan,Lynd
Gran,Pellissier
Ev,Sheather
Eirena,Baldacchino
Jordanna,Slade
Berkly,Hansel
Malissia,Kruszelnicki
Tildie,McAlester
Janaye,Crathern
Erich,Aleksahkin
Beatrice,Alliberton
Tabby,Paler
Bevvy,Lavington
Lloyd,Desantis
Rochester,Goncalo
Thebault,Hallas
Con,Golling
Maridel,Guidelli
Kiah,Warry
Zoe,Durbann
Donica,Cardenoza
Lesli,Jahns
Keslie,Elias
Ginger,Langcastle
Crystie,Pusey
Taber,Pizer
Paco,Torre
Martica,Duer
Hamlin,Tabram
Anthia,Bruhnsen
Jessalin,Daborne
Latashia,Rubinfajn
Arty,Debrick
Mel,Gleeson
Gualterio,Dartan
Bonny,Giotto
Evy,Levens
Sonny,Gatty
Edyth,Vittery
Corbett,Ingledew
Elianore,Cowan
Annemarie,Saintsbury
Forbes,Scudamore
Hart,Ivanshintsev
Ewell,Reichhardt
Peri,Faivre
Fiann,Hawsby
Hyacinth,Gresham
Rania,Pudden
Alethea,Euesden
Matt,Dugall
Mic,Pinn
Samara,Dillon
Merle,Selwyn
Evyn,Dragonette
Shelba,Rosnau
Royal,Mallows
Saxe,Baumford
Selina,Tapner
Ermanno,Alsford
Patricia,Threadgall
Therine,Kimmel
Othelia,Domb
Hazel,Greeves
Lothario,Marchand
Kikelia,Driscoll
Loreen,Hackinge
Piggy,Heartfield
Serge,Beardsley
Benedicta,Bilofsky
Neddie,Aimson
Alix,Isenor
Pepillo,Van Dalen
Jammie,McIlvaney
Beth,Huntress
Westbrooke,Jewiss
Meggie,Brickdale
Richmond,Whiteford
Durante,Cuttell
Brand,Carnell
Nobie,Schops
Garnet,McNirlin
Galvan,Puttnam
Leonore,Batalle
Boy,Baudi
Clerc,Piercy
Odella,Coston
Engelbert,Boribal
Shandie,Dipple
Doralynne,Craft
Oby,Kestle
Matilda,Tupling
Gilburt,Larmett
Virginie,Kohler
Currie,Melburg
Dareen,Matejovsky
Brigida,Cloy
Worthy,Hurle
Tibold,Dunkerton
Rosita,Prestland
Pamelina,Begbie
Osmund,McCullen
Saraann,Broxholme
Lauree,Skamell
Winona,Farrens
Cordelia,Devereu
Fred,Gravatt
Glynnis,McCallum
Waylen,Cluatt
Dewain,Whaley
Katrine,Alcido
Danni,Firebrace
Yasmeen,MacCrossan
Trip,Viger
Dunstan,Hendrix
Courtney,De Stoop
Harlan,Records
Gwenette,Kobierzycki
Daloris,Swaddle
Inez,Slowan
Bard,Higgan
Konrad,Abraham
Gerrard,Jarvis
Shandee,Duding
Claudetta,Balfour
Keith,Espine
Gwenette,Boatright
Berny,Gummer
Sam,Wilbore
Michele,Mosey
Ursala,Brandrick
Ewan,Aylward
Casper,Erdely
Alford,Garnall
Kaja,Bogace
Nonnah,Williscroft
Nelson,Kusick
Ryann,Yerborn
Britte,Stanbra
Aurea,Pozzo
Amalea,McKag
Nevin,Renol
Christie,Devin
Gipsy,Parry
Larry,Aindriu
Edd,Plewright
Jeremiah,Heaven
Ferris,Jaggi
Ruthy,Innocent
Maurise,Errichi
Melicent,Timewell
Brigitte,Chooter
Skell,Quibell
Michale,Blyth
Gusta,Clousley
Coralie,Feckey
Sander,Cumes
Lilla,Sandey
Francine,Ladbury
Alina,Boots
Anette,Taffrey
Ryon,Maxted
Norri,Selbach
Idette,Capelle
Dulcie,Sambell
Becky,Jephcott
Prissie,Thomel
Bertram,Habergham
Hy,Disbury
Delaney,O'Cleary
Stevie,Pears
Brande,Kamena
Inez,Kullmann
Bil,Huntington
Ailsun,Impett
Dell,Forten
Abagail,Razzell
Prince,Delaprelle
Claybourne,Winston
Keven,Colleymore
Dieter,Lusty
Brier,O'Cahsedy
Avram,Laurencot
Ingunna,Riall
Valry,Carlick
Fin,Mallows
Page,De Beneditti
Cori,Geraldini
Edan,Kohlerman
Zara,Comazzo
Jeremiah,Staines
Holt,Jacquemard
Carolyne,Bampkin
Greer,Mastrantone
Nikolos,Whiteson
Ailsun,Cicchinelli
Leslie,Gawith
Gerty,Charlson
Rodi,Gallandre
Sophia,Laven
Judy,Friskey
Ola,Drezzer
Cheryl,Tomkinson
Beatrix,Balling
Warner,Rossant
Elsworth,Adlam
Bethany,Havick
Dulcine,Highton
Stefania,Earry
Ardys,Glawsop
Gardie,Josse
Liuka,Dewar
Chloette,Raigatt
Elsinore,Bordiss
Noni,Blaisdell
Morton,Stockton
Kaye,Overall
Tallia,Clougher
Olwen,Halmkin
Nilson,Roake
Denney,Hanselman
Barbie,Kensy
Gunner,Crighten
Miriam,Ornelas
Sholom,Risen
Ernie,Dunnett
Matthew,Bichener
Susy,Gontier
Silva,Berrow
Tull,Giurio
Noah,Marginson
Barnie,Tabert
Auguste,Pammenter
Keefe,Chezelle
Berry,Yakobovitz
Marquita,McMurraya
Keir,Vase
Chan,Groocock
Yurik,Lett
Packston,Wem
Jocko,Pleaden
Brig,Brydie
Ginelle,Creus
L;urette,Whitnell
Koressa,Hendrikse
Cyndia,Hullyer
Roberto,Nicholls
Thain,Minshaw
Britt,Galland
Ardith,Vanes
Vivianne,Glanz
Berkie,Cuskery
Donnell,Maytom
Faith,Bagwell
Niven,Kinton
Olenka,Crispin
Jacquelin,Ledgeway
Brina,Bernaldez
Elset,Carrel
Abramo,Targett
Risa,Teaze
Franklin,Pengelly
Gipsy,Scuffham
Moyna,O'Shaughnessy
Augustine,Gopsall
Barnard,Tatum
Kai,Ellesmere
Florri,Ovenden
Haleigh,Sarge
Bendite,Shaughnessy
Ranice,Kopmann
Faythe,Stibbs
Geoffrey,Cases
Antonino,Dickman
Frederich,Pickersgill
Annabal,Czyz
Germain,Rayburn
Natale,Domek
Roanna,Noe
Jennilee,Dumini
Leontine,Anespie
Thekla,Giddings
Nickie,Gabites
Porty,MacGille
Flory,Riglar
Derk,Hulburd
Curr,Scurrey
Helge,Sarginson
Quentin,Edgehill
Maddy,Aiston
Burt,Rable
Beth,Dougan
Delores,Longmead
Aurlie,Benoist
Duncan,Ayce
Dunstan,Snibson
Konstance,Davidovitz
Waylon,Castillo
Marris,Bellew
Seamus,Tumbelty
Golda,Jerschke
Lorilyn,Javes
Carie,Kleen
Ike,Strainge
Adler,Danher
Robbie,Gasticke
Ralina,Gomme
Roi,Crowson
Carleton,Lafoy
Rutledge,Furphy
Electra,Eyeington
Patrice,Gummary
Chaddie,Pfeiffer
Godard,Flanders
Shayna,Froude
Russell,Deftie
Tomasine,Rawsthorne
Jo,Camili
Nataniel,Vanyatin
Halie,Wiszniewski
Darcie,Peaden
Laurella,Nodes
Tessy,Turbard
Jud,Moorey
Renaud,Troucher
Kessiah,O'Hara
Bari,Gibson
Chaddie,Rothera
Storm,Yackiminie
Mitchel,Flowerden
Madelena,Fermin
Idette,Lancley
Guilbert,Laville
Jacklyn,Egarr
Katheryn,Aveling
Leland,Roxbee
Lynnelle,Stickels
Frazer,Gantz
Wyatan,Court
Janeen,Munson
Tibold,Easeman
Ignacius,Rosettini
Joete,Whiteford
Kayne,Audsley
Monique,Cantor
Dredi,Clemits
Terri,Portam
Ferris,Dmitr
Herculie,Scopham
Waldemar,Summerell
Cassandra,Porritt
Delphine,Moran
Garvy,Leverson
Demetrius,Whitloe
Mindy,Guillotin
Zebulon,Kindread
Bernard,Truse
Dag,Pierucci
Stepha,Iseton
Lusa,Philott
Taylor,Willson
Elvin,Ox
Tiphani,Byars
Ario,Fewster
Tammy,Dulton
Krystalle,Nutman
Humfrey,Satterley
Normand,Bluschke
Bennett,Waker
Barnaby,McKenna
Nelie,Guidone
Valentina,Deakan
Natalee,Give
Cilka,Aimer
Jeanne,Kubes
Boycey,Copping
Hetti,Dottridge
Siusan,Cluer
Anna-diane,Catcherside
Fanchette,Courtes
Mathilde,Danilovitch
Dean,Fass
Lindi,Drowsfield
Phelia,Blaasch
Sharai,Collier
Bearnard,Minard
Marlyn,Conechie
Brena,Connew
Avis,Wharfe
Marlie,McGunley
Dag,Vynall
Merna,Graundisson
Durante,Treven
Crichton,Borrett
Jesse,Dominicacci
Sawyer,Balcombe
Ariella,McGuirk
Maddalena,De Carolis
Auberta,Outibridge
Donica,Dew
Gennifer,Ziebart
Chane,Mascall
Rudiger,Winsor
Jaquenetta,Humpatch
Truman,Swadlin
Leeland,Tutt
Raffaello,Galton
Niall,Droogan
Kellyann,Zealy
Avie,Hessenthaler
Elissa,Cumbes
Raoul,Verrico
Blisse,Lodwig
Brose,Preedy
Sarine,Newbegin
Oralie,Corder
Paolina,Klimmek
Joice,Matherson
Netti,Callander
Candis,Parmby
Beryl,Syrad
Lucine,Lamblot
Gayel,Challicombe
Andree,Overthrow
Dori,Scutchin
Georgine,Houston
Jan,Kovnot
Trev,Bullant
Celinka,Yearnsley
Peyton,Kingswood
Thain,Fishleigh
Carmela,Wintour
Desirae,Emmitt
Cris,Chese
Minni,Strutt
Arleen,Spini
Gustav,Dillingstone
Eben,Ridgley
Vincents,Lambden
Arlana,Palay
Perry,Janning
Eda,Troillet
Ringo,Hundy
Blake,McNiven
Nissie,Carlucci
Chance,Stoner
Cortney,Beeke
Mada,Vinden
Teirtza,Winspurr
Maximilian,Bartholat
Marianne,Davidavidovics
Cecilio,Darnborough
Selle,Jaffa
Rona,Rekes
Andrus,Ruberti
Reilly,Delwater
Wilhelmine,Rowlson
Myer,Marlow
Timoteo,Bunker
Peyter,Nibley
Rourke,Bibbie
Elora,Girvin
Drusilla,Sieve
Cassy,Etchell
Sal,Ridgway
Stanly,Dessaur
Marylinda,Heaford
Mallory,Dewing
Ray,Guilaem
Phil,Spraberry
Larine,Buss
Floris,Ellick
Ulrike,Rape
Taber,MacDunleavy
Abie,Whiff
Jodie,Dineges
Amata,Dudman
Cherye,Pedlow
Virgil,Syalvester
Jeddy,Cocci
Tommie,Debenham
Ambrosi,Ruckman
Jillayne,Buddington
Gilberte,Gamblin
Waring,Gollop
Nancee,Mateja
Leodora,McGeady
Helga,Rosewall
Domini,Dartnall
Lee,Monkeman
Giordano,Grevile
Bil,MacCaig
Eal,Hymus
Innis,Culross
Delmer,Milsom
Duffy,Asquez
Karyn,Tasseler
Loydie,Clarey
Claresta,Nisot
Nikola,Ellins
Regina,Clementel
Sallyanne,Daenen
Freddi,Trowsdale
Shanta,McHan
Christoffer,Battle
Gardiner,Mongain
Dorena,Waliszek
Tanitansy,McAviy
Kellia,Grumell
Charleen,Goly
Ailina,Persey
Tallie,Scotland
Pattin,Archbould
Trina,Clubley
Adham,Graith
Marijo,Belhome
Giralda,Bris
Jerrie,Gummary
Sheilakathryn,Crispin
Kellsie,Barrow
Sandi,Lindsey
Desmund,Tarpey
Fredek,Hrishchenko
Merrel,Sooper
Kelbee,Ryles
Jourdan,Benedidick
Darelle,Perryman
Petrina,Morant
Garwin,Fricke
Lindsy,De la Barre
Windham,Southern
Bertine,O' Borne
Xerxes,Perritt
Rosabella,Evemy
Korella,Keady
Osbourn,Nurdin
Brandy,Lorenzin
Chrissy,Wield
Rozella,Perrygo
Murry,Keating
Bili,Besque
Anestassia,Gosnay
Kat,Bantham
Annabal,Perassi
Peyter,Kinnin
Vilhelmina,Baytrop
Tonnie,Lohoar
Wade,Faughny
Waldo,Larcombe
Guinevere,Cumberpatch
Heather,Honsch
Margette,Raunds
Lurlene,Limpenny
Brien,Shambrooke
Andrej,Zanicchelli
Saunders,Fish
Ralph,Adderley
Shadow,Keenan
Chantal,Bradbeer
Wells,O' Mullane
Taylor,Pennoni
Krishna,Gerrelts
Christi,Liddon
Marsiella,Le Barr
Ebeneser,Bayston
Robbyn,Stripp
Aline,Bostick
Ericha,Schleswig-Holstein
Adolpho,Ryde
Nedda,Hollows
Alain,Laxson
Merralee,Bleasdille
Elizabeth,Kegg
Kenon,Tomsett
Viv,Pendergast
Winnie,Hyslop
Haslett,Polino
Tildie,Yedall
Ryun,Rosnau
Igor,Woodyear
Carri,Botcherby
Minna,Gladwell
Gabbie,Jindacek
Grier,Regus
Willie,Mielnik
Xymenes,Impleton
Frasquito,Streather
Kenn,Howton
Alister,Brunel
Merle,Challicum
Wendye,Hadenton
Lory,Bonnyson
Lauralee,Mitchard
Layne,Swaby
Garth,Moral
Cecile,Perch
Baillie,Orgill
Ulrick,Clampin
Waylan,Purry
Marcelia,Pedreschi
Shayna,Raitie
Kevyn,Tumility
Abagail,MacMickan
Noellyn,Klimecki
Meade,Geraud
Eba,Viccars
Harli,Noir
Glenden,Dabels
Hector,Leopard
Prinz,Horick
Gerrard,Wigglesworth
Calv,Giannazzi
Gus,Dilawey
Elbert,Yorath
Sophia,McLeoid
Gualterio,Romao
Bibbie,Bakey
Janie,Hanselman
Jacklyn,Rieflin
Cordula,Mistry
Vick,Loreit
Genevieve,Meaker
Vaughn,Jowitt
Sydney,Wahlberg
Tarrah,Tippin
Constantina,Postians
Patrick,Bason
Cheri,Eltringham
Pammy,Birley
Keary,Pickburn
Suzanna,Glasard
Cosme,Edwicke
Misha,Heinsh
Ximenez,Cordero
Esdras,Bonaire
Kylila,Renshell
Eleonora,Tiddeman
Quentin,Blackesland
Frankie,Heckner
Leroi,Spriggen
Flossie,O'Hagirtie
Francisca,Blackey
Ethelind,Fynan
Mitchell,Ludlamme
Esme,Cayton
Terese,Braidley
Jareb,Cartmale
Francklyn,Enriques
Monika,Kobiera
Athene,Boullin
Vernen,Beaman
Kinna,Guidera
Pearline,Skippings
Jessee,Nial
Eadmund,Blackaller
Neall,Callan
Adore,Kraut
Brinna,Coldbath
Euphemia,Nussen
Caron,Risso
Nolana,Jakubczyk
Legra,Brainsby
Rodolph,Raspel
Randolf,Stuehmeier
Pollyanna,Duligal
Alonzo,Godfroy
Aurora,Jennins
Shelli,Stoving
Karlie,Clementson
Cyndy,Shama
Launce,Innman
Jefferey,Krollmann
Peter,Aupol
Blanche,Fleeming
Aldon,Caffery
Cori,Draysey
Bobby,Prine
Kim,Thring
Vic,Spillane
Maud,Issit
Sheelagh,King
Billie,Giametti
Josepha,Landor
Erroll,Millimoe
Jonah,Wisam
Jonathan,Schenkel
Devonne,Sparey
Nicoline,Adlam
Quintana,Gomersall
Shermy,Suff
Hedvig,Kurdani
Orel,Fraulo
Lind,Artinstall
Shae,Daughtery
Emlen,D'eye
Sebastien,Mulhill
Lora,Bollon
Griffy,Archbald
Derrek,Hazeldine
Erminia,Dangerfield
Bertram,Manterfield
Merralee,Conford
Upton,Wenden
Mariejeanne,Piercy
Tull,Balmforth
Giulio,Beazleigh
Dolli,Brewster
Amaleta,Mates
Duncan,Yetts
Mason,Dyball
Erhart,Luttgert
Prudi,Remirez
Hilary,Newlan
Kincaid,Strippel
Quent,Leimster
Othilia,Shewon
Ynes,Maylor
Kalli,Lowdeane
Sheeree,Crombleholme
Caty,Bubb
Danice,Mucklo
Tedda,Croal
Buddie,Baldcock
Dukey,Bowick
Ana,Dureden
Syd,Glyde
Blaire,Lohrensen
Anne,Brussels
Del,Dyet
Ferdinande,Wisam
Fallon,Burke
Preston,Hathaway
Jeno,Braunlein
Aeriell,Greasley
Ardeen,Mugg
Aguie,Thornber
Chris,Keenan
Daile,Peakman
Edythe,Itzakson
Carol,Dwelling
Milzie,Beirne
Lilyan,Petherick
Craggy,Shackle
Anderea,Battista
Reece,Kybird
Augusta,Seaward
Durante,Darbey
Mano,Mote
Natalina,Devonshire
Oralle,Cavilla
Danny,Bonner
Sibbie,Yeoman
Judye,MacClay
Darleen,Schulze
Sibyl,Iacovazzi
Dollie,Batie
Emeline,Kinnane
Noni,Saxon
Gian,Arundel
Shel,Hullbrook
Adair,Sage
Brittany,Pulley
Kathye,Tremelling
Clemente,Dunsford
Kimmy,Christon
Tandy,Shelley
Rancell,Downing
Maximo,Vasyukov
Ashly,Sutliff
Dyna,Buckenhill
Angelita,Wilflinger
Linette,Root
Ezekiel,Vlasenkov
Claire,Corkill
Atalanta,Hendriks
Gerek,Dobble
Lazarus,Ivel
Mar,Stidever
Marv,Midlane
Sibyl,Rivel
Sharline,Yeld
Ambrose,Hughes
Suki,Extal
Marissa,Voller
Kelli,Brosio
Alfonse,Miall
Lenard,Ausello
Mable,Kingett
Jorgan,Voaden
Valle,Bools
Lancelot,Dalby
Lolly,Froome
Karlen,Bennis
Shae,Saltrese
Johannes,Walewski
Timmie,Guinan
Waneta,Bouette
Ortensia,Willans
Deonne,Gillean
Corrine,Deane
Stanislas,McLukie
Glynis,Dayborne
Hedwiga,Barden
Elroy,Filipyev
Valina,Twinberrow
Tanney,Gravy
Angie,Hazlehurst
Barthel,Blaycock
Marijn,Trimmill
Jeanelle,Marin
Corenda,Larwood
Marleah,Genty
Marketa,Mabson
Ardyth,cornhill
Pat,Tincombe
Jacky,Bretelle
Kissiah,Grafom
Eldredge,Iacomo
Fredia,Wensley
Guillemette,Kennard
Krissie,Tokley
Antony,Platt
Nolana,Randell
Teddie,Aynsley
Julee,Potbury
Howard,Lister
Neda,Jambrozek
Launce,Grahamslaw
Anatol,Bruhnicke
Domeniga,Thyer
Berty,Tows
Phillis,Teece
Christine,Skule
Margot,Extal
Joseito,Durtnel
Winne,Wynett
Philipa,Templeton
Ellen,Gatherer
Elinor,Harbar
Karlen,Hember
Winslow,Spracklin
Saraann,Shugg
Tanner,Etheredge
Jacquelyn,Ferguson
Willem,Papez
Tadeo,Labarre
Reinaldos,Jerok
Humbert,Durrett
Kimberley,Sandilands
Lucretia,Livezey
Prinz,Orris
Sheri,Stockman
Esdras,Warrack
Bertie,Wadelin
Conant,Pithie
Dannye,Bulfield
Donica,Greader
Ansley,Duff
Delila,Seeviour
Ailee,Smieton
Newton,Shemmans
Halsey,Hardbattle
Ceciley,Tidcomb
Cordell,Sheen
Pandora,Dog
Theressa,Fillis
Lyn,McKeighan
Moritz,Hempel
Theodoric,Bellerby
Venita,Stringman
Ned,Gyurkovics
Briana,Pane
Corissa,Coffey
Granville,Barends
Bary,O'Towey
Bernhard,Coenraets
Tatiana,Bartels
Leyla,Londesborough
Jeana,Nobbs
Carlene,Hutson
Germain,Stollenbeck
Jereme,Ralph
Gearard,Gianni
Hanson,Meijer
Bradford,Sorrel
Madeline,Kinde
Izabel,Oxshott
Audrie,Janout
Harman,Casement
Eustacia,Rosgen
Rosene,Hallgalley
Naoma,Roblin
Rhiamon,Fisby
Thaddeus,Dunsire
Penelope,McGowan
Arlette,Wilmington
Marcia,Entwisle
Hollis,Fearnside
Nicko,McKinty
Lesley,Keary
Enid,Zannelli
Arlena,Balling
Germaine,Ridgewell
Raimondo,Lomond
Shirl,Hurren
Grady,Krolle
Chrissy,Robyns
Rosabel,Galle
Ron,Rickasse
Thomas,Struther
Lynde,Wetheril
Matthus,Paolotto
Lemmie,Aysh
Penn,Fulcher
Florencia,MacMeekan
Wang,Greenroyd
Leland,Kirrage
Donnie,Diamant
Hollis,Wyman
Clarinda,Gasking
Sherie,Lawful
Jonathon,Brotheridge
Brooks,O' Hogan
Cloe,Godly
Allissa,Beavors
Harlin,Waszkiewicz
Ettore,Denty
Leanor,Chopy
Nolly,Doiley
Nehemiah,Dunne
Thurstan,Golsworthy
Harri,Tanzig
Sawyere,Lyburn
Waylon,Travers
Roch,Benneton
Jon,Aizkovitch
Urban,Vanetti
Garey,Wharf
Lonnard,Brumham
Yulma,Shilling
Thayne,Iskowitz
Leon,Claussen
Hayyim,Hansmann
Juan,Milnthorpe
Eba,Elgram
Vannie,Wedderburn
Rogerio,Blasl
Carney,Newland
Esme,Snadden
Joyann,Challicombe
Greg,Maha
Valaria,Prydie
Chandal,Garza
Duane,Hitzke
Kirsten,Leverich
Chelsy,Wyman
Koressa,Koschke
Brandyn,Haggerstone
Teresina,Crossfield
Rudy,Linzey
Kliment,Erat
Aileen,Milne
Aridatha,Ingry
Saul,Bourget
Lynne,Dickson
Ax,Carine
Ado,End
Mariette,Biffen
Lorenzo,Werner
Andromache,Gallifont
Martin,Riepl
Bentlee,Mc Meekin
Ab,Head
Almire,MacKill
Terrell,Risso
Cassey,Keetch
Darren,Ferrarotti
Gaile,Wratten
Malachi,Adicot
Peggy,Edie
Kathi,Andreassen
Hercule,Reymers
Ddene,Pettus
Cass,Flohard
Nara,Handscomb
Ronny,Flewett
Verile,Willshire
